2017-11-12T13:30:00Z,238.348784116,3320
2017-11-12T12:30:00Z,-16.5512737803,3320
2017-11-12T11:30:00Z,6.88344811478,3320
2017-11-12T10:30:00Z,-7.83897305188,3320
2017-11-12T09:30:00Z,-1.14712410939,3320
2017-11-12T08:30:00Z,4.69582666085,3320
2017-11-12T07:30:00Z,4.6169377908,3320
2017-11-12T06:30:00Z,6.95424407649,3320
2017-11-12T05:30:00Z,8.49063055514,3320
2017-11-12T04:30:00Z,5.18991398793,3320
2017-09-01T10:30:00Z,-4.2717398927,3320
2017-09-01T11:30:00Z,-14.3164860385,3320
2017-09-01T12:30:00Z,-22.1094584306,3320
2017-09-01T13:30:00Z,-27.7096752596,3320
2017-09-01T14:30:00Z,-20.6428257269,3320
2017-09-01T15:30:00Z,-3.08682932417,3320
2017-09-01T16:30:00Z,0.823751742601,3320
2017-09-01T17:30:00Z,261.741854546,3320
2017-09-01T18:30:00Z,247.285270513,3320
2017-09-01T19:30:00Z,297.161542175,3320
2017-09-01T20:30:00Z,247.258403169,3320
2017-09-01T21:30:00Z,-20.1410680699,3320
2017-09-01T22:30:00Z,-8.65869499227,3320
2017-09-01T23:30:00Z,-9.05288275542,3320
2017-09-02T00:30:00Z,-10.606448926,3320
2017-09-02T01:30:00Z,-5.3918429922,3320
2017-09-02T02:30:00Z,-9.83429018137,3320
2017-09-02T03:30:00Z,-9.47078433034,3320
2017-09-02T04:30:00Z,-10.9239485714,3320
2017-09-02T05:30:00Z,-10.7617616335,3320
2017-09-02T06:30:00Z,-10.5713037001,3320
2017-09-02T07:30:00Z,-11.7434835806,3320
2017-09-02T08:30:00Z,-15.0991458914,3320
2017-09-02T09:30:00Z,-12.308556616,3320
2017-09-02T10:30:00Z,-14.3280667416,3320
2017-09-02T11:30:00Z,-16.6515375896,3320
2017-09-02T12:30:00Z,-26.403555072,3320
2017-09-02T13:30:00Z,-25.2435708507,3320
2017-09-02T14:30:00Z,-25.3774009196,3320
2017-09-02T15:30:00Z,-20.3296003873,3320
2017-09-02T16:30:00Z,-23.2456748713,3320
2017-09-02T17:30:00Z,-21.561743996,3320
2017-09-02T18:30:00Z,-23.1235029772,3320
2017-09-02T19:30:00Z,-20.6681985923,3320
2017-09-02T20:30:00Z,-16.1730951717,3320
2017-09-02T21:30:00Z,-15.101828013,3320
2017-09-02T22:30:00Z,-12.3265905297,3320
2017-09-02T23:30:00Z,-9.82128540027,3320
2017-09-03T00:30:00Z,-8.1008413981,3320
2017-09-03T01:30:00Z,-3.92165434708,3320
2017-09-03T02:30:00Z,-7.23462500392,3320
2017-09-03T03:30:00Z,-10.0039056281,3320
2017-09-03T04:30:00Z,-8.21047573365,3320
2017-09-03T05:30:00Z,-8.9487852326,3320
2017-09-03T06:30:00Z,-4.49082867999,3320
2017-09-03T07:30:00Z,-8.17967612861,3320
2017-09-03T08:30:00Z,-8.86458662377,3320
2017-09-03T09:30:00Z,-5.52980438483,3320
2017-09-03T10:30:00Z,-9.67386698862,3320
2017-09-03T11:30:00Z,-14.2178021497,3320
2017-09-03T12:30:00Z,-13.5484494778,3320
2017-09-03T13:30:00Z,-18.510942198,3320
2017-09-03T14:30:00Z,-18.0661617396,3320
2017-09-03T15:30:00Z,-17.8542674174,3320
2017-09-03T16:30:00Z,-4.19795432952,3320
2017-09-03T17:30:00Z,-19.0246558293,3320
2017-09-03T18:30:00Z,-15.3478272196,3320
2017-09-03T19:30:00Z,320.806433904,3320
2017-09-03T20:30:00Z,46.9106261023,3320
2017-09-03T21:30:00Z,-11.8748304958,3320
2017-09-03T22:30:00Z,-7.11326054121,3320
2017-09-03T23:30:00Z,-4.99097397271,3320
2017-09-04T00:30:00Z,-7.13806450055,3320
2017-09-04T01:30:00Z,-6.63607361122,3320
2017-09-04T02:30:00Z,-10.4427651567,3320
2017-09-04T03:30:00Z,-8.39770217457,3320
2017-09-04T04:30:00Z,-7.57451623641,3320
2017-09-04T05:30:00Z,-8.32704782605,3320
2017-09-04T06:30:00Z,-6.95901803085,3320
2017-09-04T07:30:00Z,-7.73643610301,3320
2017-09-04T08:30:00Z,-5.95240377016,3320
2017-09-04T09:30:00Z,-9.4776733278,3320
2017-09-04T10:30:00Z,20.7249263798,3320
2017-09-04T11:30:00Z,27.7280496043,3320
2017-09-04T12:30:00Z,8.71309809553,3320
2017-09-04T13:30:00Z,14.370191958,3320
2017-09-04T14:30:00Z,17.7956056844,3320
2017-09-04T15:30:00Z,24.8427401201,3320
2017-09-04T16:30:00Z,22.6218093336,3320
2017-09-04T17:30:00Z,19.2903549285,3320
2017-09-04T18:30:00Z,190.386782114,3320
2017-09-04T19:30:00Z,391.565893783,3320
2017-09-04T20:30:00Z,104.838388945,3320
2017-09-04T21:30:00Z,23.6653969415,3320
2017-09-04T22:30:00Z,-7.42460393637,3320
2017-09-04T23:30:00Z,-7.38361702887,3320
2017-09-05T00:30:00Z,-6.07356926691,3320
2017-09-05T01:30:00Z,-5.1649473583,3320
2017-09-05T02:30:00Z,-6.92297047675,3320
2017-09-05T03:30:00Z,-7.64069295046,3320
2017-09-05T04:30:00Z,-7.07548079652,3320
2017-09-05T05:30:00Z,-7.83784573515,3320
2017-09-05T06:30:00Z,-6.76683103713,3320
2017-09-05T07:30:00Z,-5.27287172676,3320
2017-09-05T08:30:00Z,12.8354015809,3320
2017-09-05T09:30:00Z,-6.86364273937,3320
2017-09-05T10:30:00Z,-3.44084007814,3320
2017-09-05T11:30:00Z,-7.96451710806,3320
2017-09-05T12:30:00Z,-4.25371388544,3320
2017-09-05T13:30:00Z,-8.88116421355,3320
2017-09-05T14:30:00Z,-2.00173459747,3320
2017-09-05T15:30:00Z,-13.9079238273,3320
2017-09-05T16:30:00Z,0.0,3320
2017-09-05T17:30:00Z,194.582550721,3320
2017-09-05T18:30:00Z,481.227285775,3320
2017-09-05T19:30:00Z,491.262771234,3320
2017-09-05T20:30:00Z,439.103934723,3320
2017-09-05T21:30:00Z,-17.7468374745,3320
2017-09-05T22:30:00Z,-7.27028135499,3320
2017-09-05T23:30:00Z,-4.44689546173,3320
2017-09-06T00:30:00Z,-5.09721149854,3320
2017-09-06T01:30:00Z,-2.87284160583,3320
2017-09-06T02:30:00Z,-3.23899199704,3320
2017-09-06T03:30:00Z,-4.04619983643,3320
2017-09-06T04:30:00Z,1.33996976135,3320
2017-09-06T05:30:00Z,-2.97854032561,3320
2017-09-06T06:30:00Z,-1.73832956795,3320
2017-09-06T07:30:00Z,-3.51604205041,3320
2017-09-06T08:30:00Z,1.06374086586,3320
2017-09-06T09:30:00Z,-6.12555247947,3320
2017-09-06T10:30:00Z,-0.155782298058,3320
2017-09-06T11:30:00Z,-6.16964867985,3320
2017-09-06T12:30:00Z,-1.59264977135,3320
2017-09-06T13:30:00Z,-12.3818634824,3320
2017-09-06T14:30:00Z,0.17713136948,3320
2017-09-06T15:30:00Z,-4.46659552451,3320
2017-09-06T16:30:00Z,-8.78892424249,3320
2017-09-06T17:30:00Z,-11.4384814939,3320
2017-09-06T18:30:00Z,14.5143575938,3320
2017-09-06T19:30:00Z,459.330241024,3320
2017-09-06T20:30:00Z,-0.430188786782,3320
2017-09-06T21:30:00Z,-8.24646451141,3320
2017-09-06T22:30:00Z,-3.56263995849,3320
2017-09-06T23:30:00Z,-3.16008062032,3320
2017-09-07T00:30:00Z,-10.0728896945,3320
2017-09-07T01:30:00Z,49.8875893997,3320
2017-09-07T02:30:00Z,-12.9305353002,3320
2017-09-07T03:30:00Z,-4.97141478429,3320
2017-09-07T04:30:00Z,-4.77171842655,3320
2017-09-07T05:30:00Z,-4.43190850955,3320
2017-09-07T06:30:00Z,4.16439626943,3320
2017-09-07T07:30:00Z,-7.4532219952,3320
2017-09-07T08:30:00Z,-3.31051984815,3320
2017-09-07T09:30:00Z,-6.1489303043,3320
2017-09-07T10:30:00Z,-3.61532009062,3320
2017-09-07T11:30:00Z,-5.2463315821,3320
2017-09-07T12:30:00Z,-11.9797176905,3320
2017-09-07T13:30:00Z,-13.6344619407,3320
2017-09-07T14:30:00Z,-10.6539408784,3320
2017-09-07T15:30:00Z,-13.6704541536,3320
2017-09-07T16:30:00Z,-14.5380936496,3320
2017-09-07T17:30:00Z,-8.89985695498,3320
2017-09-07T18:30:00Z,-14.9367211154,3320
2017-09-07T19:30:00Z,337.933923374,3320
2017-09-07T20:30:00Z,-13.2717112599,3320
2017-09-07T21:30:00Z,-7.7433365672,3320
2017-09-07T22:30:00Z,-7.14806326739,3320
2017-09-07T23:30:00Z,4.01566523236,3320
2017-09-08T00:30:00Z,-6.51872829459,3320
2017-09-08T01:30:00Z,-6.38648320131,3320
2017-09-08T02:30:00Z,-6.21324624698,3320
2017-09-08T03:30:00Z,-5.77978089659,3320
2017-09-08T04:30:00Z,-3.4190848642,3320
2017-09-08T05:30:00Z,-4.41066967943,3320
2017-09-08T06:30:00Z,-4.23274770107,3320
2017-09-08T07:30:00Z,-0.0291652630764,3320
2017-09-08T08:30:00Z,-4.64730395789,3320
2017-09-08T09:30:00Z,1.50504567631,3320
2017-09-08T10:30:00Z,43.4566444918,3320
2017-09-08T11:30:00Z,195.275044985,3320
2017-09-08T12:30:00Z,198.952223404,3320
2017-09-08T13:30:00Z,192.848622884,3320
2017-09-08T14:30:00Z,137.171734037,3320
2017-09-08T15:30:00Z,142.287824931,3320
2017-09-08T16:30:00Z,157.465433586,3320
2017-09-08T17:30:00Z,146.494400122,3320
2017-09-08T18:30:00Z,-12.0704654211,3320
2017-09-08T19:30:00Z,6.12694481235,3320
2017-09-08T20:30:00Z,-11.9640776755,3320
2017-09-08T21:30:00Z,4.65133190067,3320
2017-09-08T22:30:00Z,1.37481917383,3320
2017-09-08T23:30:00Z,12.113508846,3320
2017-09-09T00:30:00Z,6.82887897873,3320
2017-09-09T01:30:00Z,46.502948033,3320
2017-09-09T02:30:00Z,2.75099539076,3320
2017-09-09T03:30:00Z,1.51123156518,3320
2017-09-09T04:30:00Z,3.50955216342,3320
2017-09-09T05:30:00Z,3.32061253036,3320
2017-09-09T06:30:00Z,-1.55359534594,3320
2017-09-09T07:30:00Z,-1.74212073622,3320
2017-09-09T08:30:00Z,0.81311444024,3320
2017-09-09T09:30:00Z,-1.78081458517,3320
2017-09-09T10:30:00Z,-8.11864623633,3320
2017-09-09T11:30:00Z,-9.89595427682,3320
2017-09-09T12:30:00Z,-13.4581869444,3320
2017-09-09T13:30:00Z,-14.6619932712,3320
2017-09-09T14:30:00Z,-10.0438562284,3320
2017-09-09T15:30:00Z,4.35433849228,3320
2017-09-09T16:30:00Z,5.6603760558,3320
2017-09-09T17:30:00Z,5.64063597196,3320
2017-09-09T18:30:00Z,0.793815959494,3320
2017-09-09T19:30:00Z,-10.4352720283,3320
2017-09-09T20:30:00Z,13.5890893046,3320
2017-09-09T21:30:00Z,-5.59794513542,3320
2017-09-09T22:30:00Z,-10.3608656007,3320
2017-09-09T23:30:00Z,-2.44402044674,3320
2017-09-10T00:30:00Z,-8.92366622182,3320
2017-09-10T01:30:00Z,-8.10806647672,3320
2017-09-10T02:30:00Z,-6.88312391116,3320
2017-09-10T03:30:00Z,-7.18725232842,3320
2017-09-10T04:30:00Z,-7.62703104568,3320
2017-09-10T05:30:00Z,-3.88577185321,3320
2017-09-10T06:30:00Z,-6.88130893898,3320
2017-09-10T07:30:00Z,-6.44203806386,3320
2017-09-10T08:30:00Z,-6.47666454505,3320
2017-09-10T09:30:00Z,-9.4946215924,3320
2017-09-10T10:30:00Z,-9.64109694212,3320
2017-09-10T11:30:00Z,-12.4000481458,3320
2017-09-10T12:30:00Z,-11.6272695765,3320
2017-09-10T13:30:00Z,-5.85077609501,3320
2017-09-10T14:30:00Z,452.701532671,3320
2017-09-10T15:30:00Z,456.025693502,3320
2017-09-10T16:30:00Z,435.009555129,3320
2017-09-10T17:30:00Z,476.484344364,3320
2017-09-10T18:30:00Z,470.728234575,3320
2017-09-10T19:30:00Z,417.0242939,3320
2017-09-10T20:30:00Z,227.132564723,3320
2017-09-10T21:30:00Z,-8.28730687317,3320
2017-09-10T22:30:00Z,5.48091740875,3320
2017-09-10T23:30:00Z,-9.31315685515,3320
2017-09-11T00:30:00Z,-5.24760378089,3320
2017-09-11T01:30:00Z,-7.52439736514,3320
2017-09-11T02:30:00Z,-4.15215297804,3320
2017-09-11T03:30:00Z,-6.60314859946,3320
2017-09-11T04:30:00Z,-8.14354788143,3320
2017-09-11T05:30:00Z,-7.36667720356,3320
2017-09-11T06:30:00Z,-7.89360120702,3320
2017-09-11T07:30:00Z,-10.8400979193,3320
2017-09-11T08:30:00Z,-7.90325286999,3320
2017-09-11T09:30:00Z,-7.06892456455,3320
2017-09-11T10:30:00Z,6.29932072081,3320
2017-09-11T11:30:00Z,-6.26732215806,3320
2017-09-11T12:30:00Z,-9.59362006484,3320
2017-09-11T13:30:00Z,-13.8724834391,3320
2017-09-11T14:30:00Z,-13.9545817543,3320
2017-09-11T15:30:00Z,-15.8302637435,3320
2017-09-11T16:30:00Z,-14.761537558,3320
2017-09-11T17:30:00Z,-5.13569876461,3320
2017-09-11T18:30:00Z,160.392234837,3320
2017-09-11T19:30:00Z,405.491031089,3320
2017-09-11T20:30:00Z,-15.5383649634,3320
2017-09-11T21:30:00Z,-10.4649847985,3320
2017-09-11T22:30:00Z,-6.66237976534,3320
2017-09-11T23:30:00Z,-7.53429165208,3320
2017-09-12T00:30:00Z,-8.45182314888,3320
2017-09-12T01:30:00Z,-8.60512379396,3320
2017-09-12T02:30:00Z,-10.2118030526,3320
2017-09-12T03:30:00Z,-8.13132534449,3320
2017-09-12T04:30:00Z,-8.2051032024,3320
2017-09-12T05:30:00Z,-7.51815443737,3320
2017-09-12T06:30:00Z,-5.53225553142,3320
2017-09-12T07:30:00Z,-6.15779627856,3320
2017-09-12T08:30:00Z,-6.3729534802,3320
2017-09-12T09:30:00Z,6.65102740158,3320
2017-09-12T10:30:00Z,-8.10978296627,3320
2017-09-12T11:30:00Z,-4.04284966665,3320
2017-09-12T12:30:00Z,-9.45402368694,3320
2017-09-12T13:30:00Z,-9.60302742218,3320
2017-09-12T14:30:00Z,-12.7425752589,3320
2017-09-12T15:30:00Z,-0.259559164345,3320
2017-09-12T16:30:00Z,-12.9066176527,3320
2017-09-12T17:30:00Z,540.238956775,3320
2017-09-12T18:30:00Z,595.823518927,3320
2017-09-12T19:30:00Z,518.355836127,3320
2017-09-12T20:30:00Z,636.887548103,3320
2017-09-12T21:30:00Z,-7.74011160883,3320
2017-09-12T22:30:00Z,-3.72584711575,3320
2017-09-12T23:30:00Z,-1.7204717912,3320
2017-09-13T00:30:00Z,-1.60963814922,3320
2017-09-13T01:30:00Z,-1.58777282359,3320
2017-09-13T02:30:00Z,-3.25636703236,3320
2017-09-13T03:30:00Z,-1.58702197305,3320
2017-09-13T04:30:00Z,-3.73162244145,3320
2017-09-13T05:30:00Z,9.3167760441,3320
2017-09-13T06:30:00Z,259.783193554,3320
2017-09-13T07:30:00Z,404.323474836,3320
2017-09-13T08:30:00Z,228.123007539,3320
2017-09-13T09:30:00Z,178.289099828,3320
2017-09-13T10:30:00Z,93.1199275462,3320
2017-09-13T11:30:00Z,18.3498383436,3320
2017-09-13T12:30:00Z,-7.95820405532,3320
2017-09-13T13:30:00Z,19.1418612571,3320
2017-09-13T14:30:00Z,48.3386726347,3320
2017-09-13T15:30:00Z,183.401998597,3320
2017-09-13T16:30:00Z,212.916258301,3320
2017-09-13T17:30:00Z,145.267665988,3320
2017-09-13T18:30:00Z,826.135443782,3320
2017-09-13T19:30:00Z,839.769574606,3320
2017-09-13T20:30:00Z,349.378732703,3320
2017-09-13T21:30:00Z,-2.34503800569,3320
2017-09-13T22:30:00Z,2.19240020879,3320
2017-09-13T23:30:00Z,26.1126112975,3320
2017-09-14T00:30:00Z,3.40315260718,3320
2017-09-14T01:30:00Z,6.77026565539,3320
2017-09-14T02:30:00Z,12.4254225788,3320
2017-09-14T03:30:00Z,8.96880106335,3320
2017-09-14T04:30:00Z,-1.10901185875,3320
2017-09-14T05:30:00Z,6.42296109175,3320
2017-09-14T06:30:00Z,3.1631436402,3320
2017-09-14T07:30:00Z,0.0,3320
2017-09-14T08:30:00Z,0.806793158281,3320
2017-09-14T09:30:00Z,-0.596780884211,3320
2017-09-14T10:30:00Z,32.1799725547,3320
2017-09-14T11:30:00Z,38.6335616397,3320
2017-09-14T12:30:00Z,-9.05438126847,3320
2017-09-14T13:30:00Z,-7.80030541625,3320
2017-09-14T14:30:00Z,-8.12258755609,3320
2017-09-14T15:30:00Z,8.62822262066,3320
2017-09-14T16:30:00Z,-11.5676086966,3320
2017-09-14T17:30:00Z,428.220044152,3320
2017-09-14T18:30:00Z,421.452653872,3320
2017-09-14T19:30:00Z,505.833722187,3320
2017-09-14T20:30:00Z,376.865013661,3320
2017-09-14T21:30:00Z,4.06467145947,3320
2017-09-14T22:30:00Z,53.4222156564,3320
2017-09-14T23:30:00Z,3.44074025148,3320
2017-09-15T00:30:00Z,17.4996196766,3320
2017-09-15T01:30:00Z,2.07987786444,3320
2017-09-15T02:30:00Z,-0.271921632943,3320
2017-09-15T03:30:00Z,4.65259968323,3320
2017-09-15T04:30:00Z,1.75353600709,3320
2017-09-15T05:30:00Z,4.30998584732,3320
2017-09-15T06:30:00Z,2.63971290106,3320
2017-09-15T07:30:00Z,-2.46888804742,3320
2017-09-15T08:30:00Z,0.811429863598,3320
2017-09-15T09:30:00Z,0.650960749509,3320
2017-09-15T10:30:00Z,-3.80180174311,3320
2017-09-15T11:30:00Z,-0.10289738365,3320
2017-09-15T12:30:00Z,-4.09499773161,3320
2017-09-15T13:30:00Z,-1.95647295696,3320
2017-09-15T14:30:00Z,-9.80330503979,3320
2017-09-15T15:30:00Z,-5.78474060752,3320
2017-09-15T16:30:00Z,-5.26306219534,3320
2017-09-15T17:30:00Z,-13.3525294381,3320
2017-09-15T18:30:00Z,487.434974237,3320
2017-09-15T19:30:00Z,643.480882025,3320
2017-09-15T20:30:00Z,527.474015825,3320
2017-09-15T21:30:00Z,12.756252675,3320
2017-09-15T22:30:00Z,7.75070569468,3320
2017-09-15T23:30:00Z,8.63374649733,3320
2017-09-16T00:30:00Z,60.6774417573,3320
2017-09-16T01:30:00Z,345.062626138,3320
2017-09-16T02:30:00Z,190.028235753,3320
2017-09-16T03:30:00Z,152.90251283,3320
2017-09-16T04:30:00Z,115.323093048,3320
2017-09-16T05:30:00Z,121.331710177,3320
2017-09-16T06:30:00Z,73.8872412807,3320
2017-09-16T07:30:00Z,5.38576798932,3320
2017-09-16T08:30:00Z,2.55216769671,3320
2017-09-16T09:30:00Z,0.834985722434,3320
2017-09-16T10:30:00Z,-1.13031958834,3320
2017-09-16T11:30:00Z,-0.190966049521,3320
2017-09-16T12:30:00Z,-6.56053781473,3320
2017-09-16T13:30:00Z,4.27057803932,3320
2017-09-16T14:30:00Z,26.0397880882,3320
2017-09-16T15:30:00Z,-13.8639508589,3320
2017-09-16T16:30:00Z,-11.3696878456,3320
2017-09-16T17:30:00Z,299.521787595,3320
2017-09-16T18:30:00Z,361.898353856,3320
2017-09-16T19:30:00Z,360.851464316,3320
2017-09-16T20:30:00Z,-7.97368669375,3320
2017-09-16T21:30:00Z,-7.26296384053,3320
2017-09-16T22:30:00Z,0.532411417229,3320
2017-09-16T23:30:00Z,2.92417766127,3320
2017-09-17T00:30:00Z,3.07583348594,3320
2017-09-17T01:30:00Z,3.25641959506,3320
2017-09-17T02:30:00Z,3.48050444128,3320
2017-09-17T03:30:00Z,1.46293912483,3320
2017-09-17T04:30:00Z,1.18474959572,3320
2017-09-17T05:30:00Z,1.45468588484,3320
2017-09-17T06:30:00Z,-0.0297657370586,3320
2017-09-17T07:30:00Z,-0.532205577158,3320
2017-09-17T08:30:00Z,-0.333857622529,3320
2017-09-17T09:30:00Z,14.1101337973,3320
2017-09-17T10:30:00Z,-4.61287622268,3320
2017-09-17T11:30:00Z,-4.53311975713,3320
2017-09-17T12:30:00Z,-13.2120565229,3320
2017-09-17T13:30:00Z,18.6772886021,3320
2017-09-17T14:30:00Z,291.2907893,3320
2017-09-17T15:30:00Z,401.865833176,3320
2017-09-17T16:30:00Z,375.868071855,3320
2017-09-17T17:30:00Z,484.088650073,3320
2017-09-17T18:30:00Z,507.497458777,3320
2017-09-17T19:30:00Z,457.62728589,3320
2017-09-17T20:30:00Z,279.474331552,3320
2017-09-17T21:30:00Z,2.48557509253,3320
2017-09-17T22:30:00Z,3.64059795212,3320
2017-09-17T23:30:00Z,5.07608215812,3320
2017-09-18T00:30:00Z,5.54692513551,3320
2017-09-18T01:30:00Z,4.34199929397,3320
2017-09-18T02:30:00Z,6.22003382804,3320
2017-09-18T03:30:00Z,6.01386015832,3320
2017-09-18T04:30:00Z,3.29379550136,3320
2017-09-18T05:30:00Z,3.64053913359,3320
2017-09-18T06:30:00Z,-0.244931055478,3320
2017-09-18T07:30:00Z,2.34567635266,3320
2017-09-18T08:30:00Z,1.95458492077,3320
2017-09-18T09:30:00Z,1.63095592409,3320
2017-09-18T10:30:00Z,36.7039209675,3320
2017-09-18T11:30:00Z,45.6499919833,3320
2017-09-18T12:30:00Z,5.24649378962,3320
2017-09-18T13:30:00Z,-4.63543187966,3320
2017-09-18T14:30:00Z,-2.00589034896,3320
2017-09-18T15:30:00Z,0.629379661712,3320
2017-09-18T16:30:00Z,29.3333983442,3320
2017-09-18T17:30:00Z,439.893406754,3320
2017-09-18T18:30:00Z,492.665308979,3320
2017-09-18T19:30:00Z,546.224831323,3320
2017-09-18T20:30:00Z,12.0828261434,3320
2017-09-18T21:30:00Z,0.776113590036,3320
2017-09-18T22:30:00Z,3.81495895424,3320
2017-09-18T23:30:00Z,24.6361421043,3320
2017-09-19T00:30:00Z,3.72377848796,3320
2017-09-19T01:30:00Z,3.81946335988,3320
2017-09-19T02:30:00Z,8.64317011007,3320
2017-09-19T03:30:00Z,3.83515739631,3320
2017-09-19T04:30:00Z,1.06541157217,3320
2017-09-19T05:30:00Z,0.448449078809,3320
2017-09-19T06:30:00Z,1.18898736379,3320
2017-09-19T07:30:00Z,-0.0960009761904,3320
2017-09-19T08:30:00Z,1.63723571419,3320
2017-09-19T09:30:00Z,0.527223625683,3320
2017-09-19T10:30:00Z,-4.81406517445,3320
2017-09-19T11:30:00Z,-1.19450130309,3320
2017-09-19T12:30:00Z,-2.78032358896,3320
2017-09-19T13:30:00Z,-3.57686249416,3320
2017-09-19T14:30:00Z,-6.25045064685,3320
2017-09-19T15:30:00Z,2.35367866469,3320
2017-09-19T16:30:00Z,1.82675992626,3320
2017-09-19T17:30:00Z,-4.71735448244,3320
2017-09-19T18:30:00Z,1182.99463327,3320
2017-09-19T19:30:00Z,2349.6395264,3320
2017-09-19T20:30:00Z,335.144493353,3320
2017-09-19T21:30:00Z,3.6716680488,3320
2017-09-19T22:30:00Z,1.51340364138,3320
2017-09-19T23:30:00Z,2.40825332987,3320
2017-09-20T00:30:00Z,2.76013461607,3320
2017-09-20T01:30:00Z,1.14416426869,3320
2017-09-20T02:30:00Z,2.94883315925,3320
2017-09-20T03:30:00Z,1.49858231919,3320
2017-09-20T04:30:00Z,0.805748784774,3320
2017-09-20T05:30:00Z,1.69389676527,3320
2017-09-20T06:30:00Z,0.0507037758382,3320
2017-09-20T07:30:00Z,11.539835866,3320
2017-09-20T08:30:00Z,-0.0173043663405,3320
2017-09-20T09:30:00Z,-1.07158946926,3320
2017-09-20T10:30:00Z,-5.38625742409,3320
2017-09-20T11:30:00Z,-1.37328133015,3320
2017-09-20T12:30:00Z,-6.08926027617,3320
2017-09-20T13:30:00Z,-6.62778215714,3320
2017-09-20T14:30:00Z,-4.95046023147,3320
2017-09-20T15:30:00Z,2.96129667024,3320
2017-09-20T16:30:00Z,-0.0524912352628,3320
2017-09-20T17:30:00Z,0.285393666516,3320
2017-09-20T18:30:00Z,496.28819844,3320
2017-09-20T19:30:00Z,487.884663809,3320
2017-09-20T20:30:00Z,246.323305817,3320
2017-09-20T21:30:00Z,-8.81875782734,3320
2017-09-20T22:30:00Z,-4.44202635234,3320
2017-09-20T23:30:00Z,-5.07717651768,3320
2017-09-21T00:30:00Z,-6.55290725444,3320
2017-09-21T01:30:00Z,16.8525632972,3320
2017-09-21T02:30:00Z,-3.67859120093,3320
2017-09-21T03:30:00Z,-2.80154717467,3320
2017-09-21T04:30:00Z,2.86234429912,3320
2017-09-21T05:30:00Z,-3.57539125851,3320
2017-09-21T06:30:00Z,0.790995960088,3320
2017-09-21T07:30:00Z,-4.93551496631,3320
2017-09-21T08:30:00Z,54.0239428358,3320
2017-09-21T09:30:00Z,19.5383354926,3320
2017-09-21T10:30:00Z,-4.09397022254,3320
2017-09-21T11:30:00Z,1.06615057897,3320
2017-09-21T12:30:00Z,-2.98860888403,3320
2017-09-21T13:30:00Z,6.95468053351,3320
2017-09-21T14:30:00Z,13.6571934087,3320
2017-09-21T15:30:00Z,21.5565080392,3320
2017-09-21T16:30:00Z,-0.47207266356,3320
2017-09-21T17:30:00Z,17.8343498013,3320
2017-09-21T18:30:00Z,6.08472719185,3320
2017-09-21T19:30:00Z,407.818046567,3320
2017-09-21T20:30:00Z,7.6031036857,3320
2017-09-21T21:30:00Z,-2.08442642269,3320
2017-09-21T22:30:00Z,21.3348178983,3320
2017-09-21T23:30:00Z,7.2385433085,3320
2017-09-22T00:30:00Z,9.65873104884,3320
2017-09-22T01:30:00Z,64.8457921222,3320
2017-09-22T02:30:00Z,62.4515320738,3320
2017-09-22T03:30:00Z,11.1748809316,3320
2017-09-22T04:30:00Z,9.08375476218,3320
2017-09-22T05:30:00Z,5.60146894845,3320
2017-09-22T06:30:00Z,4.42467169759,3320
2017-09-22T07:30:00Z,0.376450157798,3320
2017-09-22T08:30:00Z,1.79480891856,3320
2017-09-22T09:30:00Z,-4.48449412312,3320
2017-09-22T10:30:00Z,-8.83830586596,3320
2017-09-22T11:30:00Z,-1.16545118474,3320
2017-09-22T12:30:00Z,9.33474259164,3320
2017-09-22T13:30:00Z,13.2792256189,3320
2017-09-22T14:30:00Z,19.0056879167,3320
2017-09-22T15:30:00Z,19.2360535349,3320
2017-09-22T16:30:00Z,15.0727845264,3320
2017-09-22T17:30:00Z,-1.47337409959,3320
2017-09-22T18:30:00Z,0.0,3320
2017-09-23T00:30:00Z,-8.27115211598,3320
2017-09-23T01:30:00Z,-12.993754638,3320
2017-09-24T00:30:00Z,-15.9412589024,3320
2017-09-24T01:30:00Z,-17.4762500536,3320
2017-09-25T00:30:00Z,-21.8224266543,3320
2017-09-25T01:30:00Z,-14.7164175941,3320
2017-09-25T05:30:00Z,-20.0765158945,3320
2017-09-25T06:30:00Z,-5.26619503385,3320
2017-09-25T07:30:00Z,-5.96206984297,3320
2017-09-25T08:30:00Z,-5.73945340209,3320
2017-09-25T09:30:00Z,-5.99877404471,3320
2017-09-25T10:30:00Z,-10.72495698,3320
2017-09-25T11:30:00Z,-5.50724520913,3320
2017-09-25T12:30:00Z,-4.94465103448,3320
2017-09-25T13:30:00Z,-6.74072064909,3320
2017-09-25T14:30:00Z,-0.339692539494,3320
2017-09-25T15:30:00Z,-3.05511632512,3320
2017-09-25T16:30:00Z,-5.92710659831,3320
2017-09-25T17:30:00Z,502.888381384,3320
2017-09-25T18:30:00Z,554.558765292,3320
2017-09-25T19:30:00Z,675.132725879,3320
2017-09-25T20:30:00Z,199.74191622,3320
2017-09-25T21:30:00Z,6.97553348507,3320
2017-09-25T22:30:00Z,8.7320616763,3320
2017-09-25T23:30:00Z,1.88105133945,3320
2017-09-26T00:30:00Z,-3.79334897772,3320
2017-09-26T01:30:00Z,-1.97935003276,3320
2017-09-26T02:30:00Z,-3.09444993453,3320
2017-09-26T03:30:00Z,-3.46285807643,3320
2017-09-26T04:30:00Z,-4.95210647068,3320
2017-09-26T05:30:00Z,-1.45298127388,3320
2017-09-26T06:30:00Z,-4.68022346791,3320
2017-09-26T07:30:00Z,-3.0107852812,3320
2017-09-26T08:30:00Z,6.15303338319,3320
2017-09-26T09:30:00Z,-7.97176386996,3320
2017-09-26T10:30:00Z,-8.71966859144,3320
2017-09-26T11:30:00Z,-8.77714565375,3320
2017-09-26T12:30:00Z,38.7532831197,3320
2017-09-26T13:30:00Z,-6.76076098591,3320
2017-09-26T14:30:00Z,51.8791219243,3320
2017-09-26T15:30:00Z,-13.8869679354,3320
2017-09-26T16:30:00Z,0.097792785164,3320
2017-09-26T17:30:00Z,342.919361487,3320
2017-09-26T18:30:00Z,656.293134276,3320
2017-09-26T19:30:00Z,685.602618018,3320
2017-09-26T20:30:00Z,471.246194337,3320
2017-09-26T21:30:00Z,-7.16162100769,3320
2017-09-26T22:30:00Z,4.16619310245,3320
2017-09-26T23:30:00Z,0.334509732978,3320
2017-09-27T00:30:00Z,-1.66170975298,3320
2017-09-27T01:30:00Z,-4.85036433208,3320
2017-09-27T02:30:00Z,-3.96413644103,3320
2017-09-27T03:30:00Z,-2.27991031764,3320
2017-09-27T04:30:00Z,-0.827385734293,3320
2017-09-27T05:30:00Z,-2.94337259088,3320
2017-09-27T06:30:00Z,-2.88435505965,3320
2017-09-27T07:30:00Z,-3.3089817053,3320
2017-09-27T08:30:00Z,-5.65964470315,3320
2017-09-27T09:30:00Z,-3.19655767614,3320
2017-09-27T10:30:00Z,-4.06885184137,3320
2017-09-27T11:30:00Z,-3.39360039978,3320
2017-09-27T12:30:00Z,-10.1112648158,3320
2017-09-27T13:30:00Z,-6.36348045608,3320
2017-09-27T14:30:00Z,-5.25664666975,3320
2017-09-27T15:30:00Z,-16.24218506,3320
2017-09-27T16:30:00Z,-16.6144861237,3320
2017-09-27T17:30:00Z,251.068291938,3320
2017-09-27T18:30:00Z,590.78913527,3320
2017-09-27T19:30:00Z,695.434948098,3320
2017-09-27T20:30:00Z,502.790475919,3320
2017-09-27T21:30:00Z,-5.63008756731,3320
2017-09-27T22:30:00Z,1.82513951587,3320
2017-09-27T23:30:00Z,1.43984685749,3320
2017-09-28T00:30:00Z,-2.61089398013,3320
2017-09-28T01:30:00Z,-2.59166628982,3320
2017-09-28T02:30:00Z,-2.08610009245,3320
2017-09-28T03:30:00Z,-2.42551748564,3320
2017-09-28T04:30:00Z,-1.67466947134,3320
2017-09-28T05:30:00Z,114.16593576,3320
2017-09-28T06:30:00Z,236.321329568,3320
2017-09-28T07:30:00Z,114.382817891,3320
2017-09-28T08:30:00Z,113.709614909,3320
2017-09-28T09:30:00Z,110.607130352,3320
2017-09-28T10:30:00Z,-2.0690029509,3320
2017-09-28T11:30:00Z,-6.0056814353,3320
2017-09-28T12:30:00Z,-11.8491807828,3320
2017-09-28T13:30:00Z,-9.84265531151,3320
2017-09-28T14:30:00Z,-2.2936579284,3320
2017-09-28T15:30:00Z,-12.6437115336,3320
2017-09-28T16:30:00Z,-4.71361574619,3320
2017-09-28T17:30:00Z,-6.17659326286,3320
2017-09-28T18:30:00Z,558.876263122,3320
2017-09-28T19:30:00Z,592.319000953,3320
2017-09-28T20:30:00Z,361.234282798,3320
2017-09-28T21:30:00Z,2.77999519392,3320
2017-09-28T22:30:00Z,0.257083826376,3320
2017-09-28T23:30:00Z,-4.51155775473,3320
2017-09-29T00:30:00Z,0.404574282574,3320
2017-09-29T01:30:00Z,4.20213214901,3320
2017-09-29T02:30:00Z,2.61663291165,3320
2017-09-29T03:30:00Z,1.49593230364,3320
2017-09-29T04:30:00Z,1.53996494846,3320
2017-09-29T05:30:00Z,-1.59124817358,3320
2017-09-29T06:30:00Z,52.1967536076,3320
2017-09-29T07:30:00Z,60.1092159423,3320
2017-09-29T08:30:00Z,59.6300545424,3320
2017-09-29T09:30:00Z,5.56967650579,3320
2017-09-29T10:30:00Z,-0.646106964945,3320
2017-09-29T11:30:00Z,-2.86910230218,3320
2017-09-29T12:30:00Z,-6.79926343657,3320
2017-09-29T13:30:00Z,-9.89250203284,3320
2017-09-29T14:30:00Z,16.9495568092,3320
2017-09-29T15:30:00Z,-8.79595735393,3320
2017-09-29T16:30:00Z,31.0035911991,3320
2017-09-29T17:30:00Z,536.784336502,3320
2017-09-29T18:30:00Z,559.722373221,3320
2017-09-29T19:30:00Z,685.243769232,3320
2017-09-29T20:30:00Z,445.727164485,3320
2017-09-29T21:30:00Z,20.2647661003,3320
2017-09-29T22:30:00Z,21.9536706005,3320
2017-09-29T23:30:00Z,12.5573093172,3320
2017-09-30T00:30:00Z,10.1266602811,3320
2017-09-30T01:30:00Z,14.7024002743,3320
2017-09-30T02:30:00Z,4.80362393313,3320
2017-09-30T03:30:00Z,10.1445707113,3320
2017-09-30T04:30:00Z,10.6184299983,3320
2017-09-30T05:30:00Z,8.32404985815,3320
2017-09-30T06:30:00Z,8.65414581923,3320
2017-09-30T07:30:00Z,9.11058651203,3320
2017-09-30T08:30:00Z,5.4977775894,3320
2017-09-30T09:30:00Z,24.0983946469,3320
2017-09-30T10:30:00Z,-0.195071173663,3320
2017-09-30T11:30:00Z,15.941656974,3320
2017-09-30T12:30:00Z,-9.31397002823,3320
2017-09-30T13:30:00Z,282.328243422,3320
2017-09-30T14:30:00Z,438.085877934,3320
2017-09-30T15:30:00Z,595.119940617,3320
2017-09-30T16:30:00Z,633.621980173,3320
2017-09-30T17:30:00Z,571.584952401,3320
2017-09-30T18:30:00Z,593.499337284,3320
2017-09-30T19:30:00Z,565.848043494,3320
2017-09-30T20:30:00Z,248.198783986,3320
2017-09-30T21:30:00Z,12.2170558142,3320
2017-09-30T22:30:00Z,32.4597252569,3320
2017-09-30T23:30:00Z,37.7300710859,3320
2017-10-01T08:30:00Z,-19.6069314308,3320
2017-10-01T10:30:00Z,-19.6069314308,3320
2017-10-01T11:30:00Z,-19.6069314308,3320
2017-10-01T11:30:00Z,-19.6069314308,3320
2017-10-01T13:30:00Z,-19.6069314308,3320
2017-10-01T14:30:00Z,-18.7289722923,3320
2017-10-01T15:30:00Z,-19.5880959978,3320
2017-10-01T16:30:00Z,-19.5880959978,3320
2017-10-01T17:30:00Z,396.798410887,3320
2017-10-01T19:30:00Z,48.195258619,3320
2017-10-01T20:30:00Z,-18.249778874,3320
2017-10-01T21:30:00Z,-6.26666908414,3320
2017-10-01T22:30:00Z,-1.31176629132,3320
2017-10-01T23:30:00Z,-16.210880037,3320
2017-10-02T00:30:00Z,3.55838572378,3320
2017-10-02T01:30:00Z,7.5268691074,3320
2017-10-02T02:30:00Z,6.89471006049,3320
2017-10-02T03:30:00Z,3.4523258935,3320
2017-10-02T04:30:00Z,8.78784033639,3320
2017-10-02T05:30:00Z,-1.93267828742,3320
2017-10-02T06:30:00Z,5.57164870417,3320
2017-10-02T07:30:00Z,10.7554790716,3320
2017-10-02T08:30:00Z,2.72350750291,3320
2017-10-02T09:30:00Z,8.01076938738,3320
2017-10-02T10:30:00Z,0.925979052044,3320
2017-10-02T11:30:00Z,27.0522289561,3320
2017-10-02T12:30:00Z,-7.71141310827,3320
2017-10-02T13:30:00Z,-7.6183999325,3320
2017-10-02T14:30:00Z,4.80887135016,3320
2017-10-02T15:30:00Z,19.0773725356,3320
2017-10-02T16:30:00Z,40.141311518,3320
2017-10-02T17:30:00Z,530.257854139,3320
2017-10-02T18:30:00Z,589.705916275,3320
2017-10-02T19:30:00Z,587.036243573,3320
2017-10-02T20:30:00Z,313.800911865,3320
2017-10-02T21:30:00Z,3.74615328332,3320
2017-10-02T22:30:00Z,-0.131795232581,3320
2017-10-02T23:30:00Z,3.47696311767,3320
2017-10-03T00:30:00Z,2.99344940912,3320
2017-10-03T01:30:00Z,2.51158603644,3320
2017-10-03T02:30:00Z,4.14167106284,3320
2017-10-03T03:30:00Z,3.37097538973,3320
2017-10-03T04:30:00Z,5.09608080635,3320
2017-10-03T05:30:00Z,2.97643693593,3320
2017-10-03T06:30:00Z,2.12951433984,3320
2017-10-03T07:30:00Z,73.1719366454,3320
2017-10-03T08:30:00Z,99.4985469524,3320
2017-10-03T13:30:00Z,-26.1733772625,3320
2017-10-03T13:30:00Z,-26.1733772625,3320
2017-10-03T13:30:00Z,-26.1733772625,3320
2017-10-03T13:30:00Z,-26.1733772625,3320
2017-10-03T13:30:00Z,-26.1733772625,3320
2017-10-03T14:30:00Z,6.04702144411,3320
2017-10-03T15:30:00Z,299.410283065,3320
2017-10-03T16:30:00Z,620.84168286,3320
2017-10-03T17:30:00Z,875.333598312,3320
2017-10-03T18:30:00Z,594.390198198,3320
2017-10-03T19:30:00Z,627.75464047,3320
2017-10-03T20:30:00Z,105.727004228,3320
2017-10-03T21:30:00Z,7.33148389885,3320
2017-10-03T22:30:00Z,0.283715524458,3320
2017-10-03T23:30:00Z,0.703254197716,3320
2017-10-04T00:30:00Z,1.34666645068,3320
2017-10-04T01:30:00Z,1.68350041337,3320
2017-10-04T02:30:00Z,2.52001859683,3320
2017-10-04T03:30:00Z,2.311870825,3320
2017-10-04T04:30:00Z,1.92907020616,3320
2017-10-04T05:30:00Z,4.3823813952,3320
2017-10-04T06:30:00Z,9.05723723854,3320
2017-10-04T07:30:00Z,5.88760289266,3320
2017-10-04T08:30:00Z,22.0137293831,3320
2017-10-04T09:30:00Z,5.96570425825,3320
2017-10-04T10:30:00Z,7.77546777228,3320
2017-10-04T11:30:00Z,-1.37577254706,3320
2017-10-04T12:30:00Z,-2.07439880457,3320
2017-10-04T13:30:00Z,-10.8714366112,3320
2017-10-04T14:30:00Z,-0.829191865467,3320
2017-10-04T15:30:00Z,-11.3932569069,3320
2017-10-04T16:30:00Z,-19.7007238809,3320
2017-10-04T17:30:00Z,490.250781725,3320
2017-10-04T18:30:00Z,611.930202722,3320
2017-10-04T19:30:00Z,506.355653138,3320
2017-10-04T20:30:00Z,293.145883868,3320
2017-10-04T21:30:00Z,-1.49129061179,3320
2017-10-04T22:30:00Z,2.94784456986,3320
2017-10-04T23:30:00Z,0.136637563837,3320
2017-10-05T00:30:00Z,3.6869728826,3320
2017-10-05T01:30:00Z,1.12881934679,3320
2017-10-05T02:30:00Z,4.13464326524,3320
2017-10-05T03:30:00Z,3.0194563967,3320
2017-10-05T04:30:00Z,-0.770472989288,3320
2017-10-05T05:30:00Z,-1.54653902113,3320
2017-10-05T06:30:00Z,-0.474704976809,3320
2017-10-05T07:30:00Z,2.56179174501,3320
2017-10-05T08:30:00Z,-5.86098188482,3320
2017-10-05T09:30:00Z,-1.75385798879,3320
2017-10-05T10:30:00Z,3.10525743765,3320
2017-10-05T11:30:00Z,-3.1776897122,3320
2017-10-05T12:30:00Z,-4.19049841118,3320
2017-10-05T13:30:00Z,25.3448056197,3320
2017-10-05T14:30:00Z,17.1390356379,3320
2017-10-05T15:30:00Z,31.1720703046,3320
2017-10-05T16:30:00Z,-11.8275244212,3320
2017-10-05T17:30:00Z,538.568660199,3320
2017-10-05T18:30:00Z,645.831896098,3320
2017-10-05T19:30:00Z,543.173396908,3320
2017-10-05T20:30:00Z,134.660675106,3320
2017-10-05T21:30:00Z,1.48641266199,3320
2017-10-05T22:30:00Z,-2.06999745544,3320
2017-10-05T23:30:00Z,-2.37779269463,3320
2017-10-06T00:30:00Z,-1.82710642263,3320
2017-10-06T01:30:00Z,1.7477292004,3320
2017-10-06T02:30:00Z,3.59419909856,3320
2017-10-06T03:30:00Z,8.90098694494,3320
2017-10-06T04:30:00Z,-2.30471347736,3320
2017-10-06T05:30:00Z,0.667449489397,3320
2017-10-06T06:30:00Z,-0.717436081771,3320
2017-10-06T07:30:00Z,0.48730985999,3320
2017-10-06T08:30:00Z,-3.26649002789,3320
2017-10-06T09:30:00Z,1.15452198321,3320
2017-10-06T10:30:00Z,-4.81926728663,3320
2017-10-06T11:30:00Z,-5.68026465801,3320
2017-10-06T12:30:00Z,-7.78470549295,3320
2017-10-06T13:30:00Z,-8.63268340247,3320
2017-10-06T14:30:00Z,-17.2638680357,3320
2017-10-06T15:30:00Z,-14.3724180662,3320
2017-10-06T16:30:00Z,-23.3954715084,3320
2017-10-06T17:30:00Z,-27.0611994387,3320
2017-10-06T18:30:00Z,-0.062516809215,3320
2017-10-06T19:30:00Z,452.632257778,3320
2017-10-06T20:30:00Z,47.7960295413,3320
2017-10-06T21:30:00Z,-12.7332400933,3320
2017-10-06T22:30:00Z,0.27174396909,3320
2017-10-06T23:30:00Z,-0.215715810535,3320
2017-10-07T00:30:00Z,-4.28058314493,3320
2017-10-07T01:30:00Z,1.76548275708,3320
2017-10-07T02:30:00Z,-3.4953977001,3320
2017-10-07T03:30:00Z,-3.23000496547,3320
2017-10-07T04:30:00Z,-4.29537773844,3320
2017-10-07T05:30:00Z,6.79525691258,3320
2017-10-07T06:30:00Z,-5.46378964333,3320
2017-10-07T07:30:00Z,-6.55215753154,3320
2017-10-07T08:30:00Z,-6.60938386811,3320
2017-10-07T09:30:00Z,1.28814399916,3320
2017-10-07T10:30:00Z,-8.71333081923,3320
2017-10-07T11:30:00Z,-8.37976986165,3320
2017-10-07T12:30:00Z,-7.82807651325,3320
2017-10-07T13:30:00Z,-12.4507246259,3320
2017-10-07T14:30:00Z,-12.1834150436,3320
2017-10-07T15:30:00Z,-14.782041877,3320
2017-10-07T16:30:00Z,-14.7270846573,3320
2017-10-07T17:30:00Z,-27.219234809,3320
2017-10-07T18:30:00Z,-28.3567139145,3320
2017-10-07T19:30:00Z,-24.4373704018,3320
2017-10-07T20:30:00Z,-27.3556186029,3320
2017-10-07T21:30:00Z,-13.154095454,3320
2017-10-07T22:30:00Z,-9.02083576571,3320
2017-10-07T23:30:00Z,-6.31801686505,3320
2017-10-08T00:30:00Z,-7.48809800573,3320
2017-10-08T01:30:00Z,-7.0187967417,3320
2017-10-08T02:30:00Z,-7.24843302564,3320
2017-10-08T03:30:00Z,-3.319608414,3320
2017-10-08T04:30:00Z,-6.89477062297,3320
2017-10-08T05:30:00Z,3.1083894106,3320
2017-10-08T06:30:00Z,-6.87255758501,3320
2017-10-08T07:30:00Z,-7.28071427634,3320
2017-10-08T08:30:00Z,-7.87051657113,3320
2017-10-08T09:30:00Z,-10.5504657108,3320
2017-10-08T10:30:00Z,-9.04493425304,3320
2017-10-08T11:30:00Z,-14.61337735,3320
2017-10-08T12:30:00Z,-18.5294745244,3320
2017-10-08T13:30:00Z,-26.0530204123,3320
2017-10-08T14:30:00Z,-27.4271812883,3320
2017-10-08T15:30:00Z,-26.2490652111,3320
2017-10-08T16:30:00Z,406.658971366,3320
2017-10-08T17:30:00Z,526.509605567,3320
2017-10-08T18:30:00Z,572.326146722,3320
2017-10-08T19:30:00Z,476.299036201,3320
2017-10-08T20:30:00Z,9.76327001711,3320
2017-10-08T21:30:00Z,-0.270589559827,3320
2017-10-08T22:30:00Z,3.09773100164,3320
2017-10-08T23:30:00Z,-2.56301493428,3320
2017-10-09T00:30:00Z,-6.5371602269,3320
2017-10-09T01:30:00Z,-6.71657877431,3320
2017-10-09T02:30:00Z,-10.8735477764,3320
2017-10-09T03:30:00Z,-5.23657424532,3320
2017-10-09T04:30:00Z,-5.64983617554,3320
2017-10-09T05:30:00Z,-6.48982102072,3320
2017-10-09T06:30:00Z,-6.79392960662,3320
2017-10-09T07:30:00Z,-5.9909313052,3320
2017-10-09T08:30:00Z,-7.72412988821,3320
2017-10-09T09:30:00Z,29.7425014193,3320
2017-10-09T10:30:00Z,56.6922621448,3320
2017-10-09T11:30:00Z,-6.94545290479,3320
2017-10-09T12:30:00Z,-2.27075078692,3320
2017-10-09T13:30:00Z,-10.3934125896,3320
2017-10-09T14:30:00Z,-12.6628781213,3320
2017-10-09T15:30:00Z,-17.4930807382,3320
2017-10-09T16:30:00Z,-22.2028484244,3320
2017-10-09T17:30:00Z,316.877303933,3320
2017-10-09T18:30:00Z,418.592469158,3320
2017-10-09T19:30:00Z,484.818500098,3320
2017-10-09T20:30:00Z,2.80373507317,3320
2017-10-09T21:30:00Z,-10.6719800847,3320
2017-10-09T22:30:00Z,-6.7426756677,3320
2017-10-09T23:30:00Z,-1.44573935251,3320
2017-10-10T00:30:00Z,-5.76759560178,3320
2017-10-10T01:30:00Z,-6.59042709511,3320
2017-10-10T02:30:00Z,-5.55798438184,3320
2017-10-10T03:30:00Z,-5.64750813287,3320
2017-10-10T04:30:00Z,-4.15282758908,3320
2017-10-10T05:30:00Z,-5.54995839212,3320
2017-10-10T06:30:00Z,-7.04984677424,3320
2017-10-10T07:30:00Z,8.72212356503,3320
2017-10-10T08:30:00Z,50.6494778404,3320
2017-10-10T09:30:00Z,37.3349307335,3320
2017-10-10T10:30:00Z,82.6608741417,3320
2017-10-10T11:30:00Z,85.167888636,3320
2017-10-10T12:30:00Z,105.873549142,3320
2017-10-10T13:30:00Z,72.4053066882,3320
2017-10-10T14:30:00Z,-13.7603722904,3320
2017-10-10T15:30:00Z,-17.7652499153,3320
2017-10-10T16:30:00Z,-22.1621554133,3320
2017-10-10T17:30:00Z,453.431027134,3320
2017-10-10T18:30:00Z,638.979062168,3320
2017-10-10T19:30:00Z,699.927053654,3320
2017-10-10T20:30:00Z,178.739649281,3320
2017-10-10T21:30:00Z,-8.95246920258,3320
2017-10-10T22:30:00Z,-4.05649292709,3320
2017-10-10T23:30:00Z,-3.62925275475,3320
2017-10-11T00:30:00Z,-4.12742970238,3320
2017-10-11T01:30:00Z,-3.31660310054,3320
2017-10-11T02:30:00Z,-1.8413137124,3320
2017-10-11T03:30:00Z,-2.68422395307,3320
2017-10-11T04:30:00Z,-3.31295510148,3320
2017-10-11T05:30:00Z,133.98696786,3320
2017-10-11T06:30:00Z,271.792407936,3320
2017-10-11T07:30:00Z,399.302643741,3320
2017-10-11T08:30:00Z,326.938515573,3320
2017-10-11T09:30:00Z,177.265093836,3320
2017-10-11T10:30:00Z,116.654632857,3320
2017-10-11T11:30:00Z,125.731613666,3320
2017-10-11T12:30:00Z,124.340195491,3320
2017-10-11T13:30:00Z,136.01389057,3320
2017-10-11T14:30:00Z,121.203764946,3320
2017-10-11T15:30:00Z,60.383722054,3320
2017-10-11T16:30:00Z,-24.1786632486,3320
2017-10-11T17:30:00Z,134.401226765,3320
2017-10-11T18:30:00Z,473.919800863,3320
2017-10-11T19:30:00Z,498.015079084,3320
2017-10-11T20:30:00Z,83.2246129988,3320
2017-10-11T21:30:00Z,-8.83258117212,3320
2017-10-11T22:30:00Z,-4.05674969519,3320
2017-10-11T23:30:00Z,-3.74246427832,3320
2017-10-12T00:30:00Z,-3.93891968217,3320
2017-10-12T01:30:00Z,-3.03082197644,3320
2017-10-12T02:30:00Z,-0.192313717239,3320
2017-10-12T03:30:00Z,3.10667335386,3320
2017-10-12T04:30:00Z,0.769744994679,3320
2017-10-12T05:30:00Z,31.6300914769,3320
2017-10-12T06:30:00Z,36.0492573187,3320
2017-10-12T07:30:00Z,28.9653397543,3320
2017-10-12T08:30:00Z,68.2705352681,3320
2017-10-12T09:30:00Z,76.7516601872,3320
2017-10-12T10:30:00Z,89.4240157715,3320
2017-10-12T11:30:00Z,86.5459570217,3320
2017-10-12T12:30:00Z,85.0163643412,3320
2017-10-12T13:30:00Z,82.7705866788,3320
2017-10-12T14:30:00Z,40.0683395999,3320
2017-10-12T15:30:00Z,-11.784144215,3320
2017-10-12T16:30:00Z,-24.7139155782,3320
2017-10-12T17:30:00Z,312.916112573,3320
2017-10-12T18:30:00Z,568.422735553,3320
2017-10-12T19:30:00Z,516.471130706,3320
2017-10-12T20:30:00Z,373.356832122,3320
2017-10-12T21:30:00Z,-5.60900304673,3320
2017-10-12T22:30:00Z,37.2551062469,3320
2017-10-12T23:30:00Z,24.7628701661,3320
2017-10-13T00:30:00Z,-1.0311903884,3320
2017-10-14T00:30:00Z,-22.9151733475,3320
2017-10-14T01:30:00Z,32.1944525399,3320
2017-10-14T04:30:00Z,-22.7926418543,3320
2017-10-14T05:30:00Z,97.141022587,3320
2017-10-14T06:30:00Z,44.9276812401,3320
2017-10-14T07:30:00Z,113.747987474,3320
2017-10-14T08:30:00Z,102.520461296,3320
2017-10-14T09:30:00Z,55.2704699323,3320
2017-10-14T10:30:00Z,45.9526648115,3320
2017-10-14T11:30:00Z,44.934333244,3320
2017-10-14T12:30:00Z,20.0703939499,3320
2017-10-14T13:30:00Z,39.671251619,3320
2017-10-14T14:30:00Z,67.670662933,3320
2017-10-14T15:30:00Z,93.2607994978,3320
2017-10-14T16:30:00Z,491.482212694,3320
2017-10-14T17:30:00Z,681.244047885,3320
2017-10-14T18:30:00Z,400.735427025,3320
2017-10-14T19:30:00Z,438.31240047,3320
2017-10-14T20:30:00Z,88.5201872098,3320
2017-10-14T21:30:00Z,-12.6798759266,3320
2017-10-14T22:30:00Z,-8.20471687608,3320
2017-10-14T23:30:00Z,-6.01960997664,3320
2017-10-15T00:30:00Z,-5.06369876283,3320
2017-10-15T01:30:00Z,-3.12365709002,3320
2017-10-15T02:30:00Z,2.76933387859,3320
2017-10-15T03:30:00Z,-0.734040143755,3320
2017-10-15T04:30:00Z,-3.7812548032,3320
2017-10-15T05:30:00Z,-3.56651933911,3320
2017-10-15T06:30:00Z,-3.62528929472,3320
2017-10-15T07:30:00Z,-6.71775974269,3320
2017-10-15T08:30:00Z,-4.88310028158,3320
2017-10-15T09:30:00Z,-12.4852349286,3320
2017-10-15T10:30:00Z,-10.3469192919,3320
2017-10-15T11:30:00Z,-9.31257910625,3320
2017-10-15T12:30:00Z,-22.2959056164,3320
2017-10-15T13:30:00Z,-28.3630521994,3320
2017-10-15T14:30:00Z,-24.3284541218,3320
2017-10-15T15:30:00Z,234.908248034,3320
2017-10-15T16:30:00Z,338.62858982,3320
2017-10-15T17:30:00Z,353.265056827,3320
2017-10-15T18:30:00Z,490.105034609,3320
2017-10-15T19:30:00Z,380.365618251,3320
2017-10-15T20:30:00Z,163.032036221,3320
2017-10-15T21:30:00Z,-7.73297247966,3320
2017-10-15T22:30:00Z,-4.23412858466,3320
2017-10-15T23:30:00Z,-4.81670998034,3320
2017-10-16T00:30:00Z,-2.07511346848,3320
2017-10-16T01:30:00Z,-6.60702791117,3320
2017-10-16T02:30:00Z,-4.00356092234,3320
2017-10-16T03:30:00Z,-2.76857043775,3320
2017-10-16T04:30:00Z,-3.13878831008,3320
2017-10-16T05:30:00Z,-4.09706879989,3320
2017-10-16T06:30:00Z,-4.46499361868,3320
2017-10-16T07:30:00Z,-3.46717379598,3320
2017-10-16T08:30:00Z,-7.90609564565,3320
2017-10-16T09:30:00Z,-4.08542969004,3320
2017-10-16T10:30:00Z,-0.90073530677,3320
2017-10-16T11:30:00Z,-0.0867874682035,3320
2017-10-16T12:30:00Z,-5.88349975007,3320
2017-10-16T13:30:00Z,-4.5919206757,3320
2017-10-16T14:30:00Z,-9.90833564968,3320
2017-10-16T15:30:00Z,-10.3422107766,3320
2017-10-16T16:30:00Z,-19.7894571281,3320
2017-10-16T17:30:00Z,308.432638886,3320
2017-10-16T18:30:00Z,379.928280308,3320
2017-10-16T19:30:00Z,311.238136794,3320
2017-10-16T20:30:00Z,31.1341104523,3320
2017-10-16T21:30:00Z,-6.03808231872,3320
2017-10-16T22:30:00Z,44.4305616853,3320
2017-10-16T23:30:00Z,49.3892355268,3320
2017-10-17T00:30:00Z,26.0388825097,3320
2017-10-17T01:30:00Z,26.6467564055,3320
2017-10-17T02:30:00Z,11.4619772759,3320
2017-10-17T03:30:00Z,-10.5685625342,3320
2017-10-17T05:30:00Z,-2.31697959726,3320
2017-10-17T06:30:00Z,-28.4516725401,3320
2017-10-17T07:30:00Z,-25.9764024338,3320
2017-10-17T08:30:00Z,-24.2896662291,3320
2017-10-17T09:30:00Z,-14.2695807452,3320
2017-10-17T10:30:00Z,-2.48156719329,3320
2017-10-17T11:30:00Z,-15.3820875297,3320
2017-10-17T12:30:00Z,4.41983802127,3320
2017-10-17T13:30:00Z,-18.541150394,3320
2017-10-17T14:30:00Z,-20.2201076565,3320
2017-10-17T15:30:00Z,-17.6151826496,3320
2017-10-17T16:30:00Z,-27.7882507589,3320
2017-10-17T17:30:00Z,-13.1736092596,3320
2017-10-17T18:30:00Z,408.532585904,3320
2017-10-17T19:30:00Z,470.834508756,3320
2017-10-17T20:30:00Z,213.774094849,3320
2017-10-17T21:30:00Z,-12.6836900095,3320
2017-10-17T22:30:00Z,-7.11945115134,3320
2017-10-17T23:30:00Z,-4.31893361507,3320
2017-10-18T00:30:00Z,3.82625484492,3320
2017-10-18T01:30:00Z,10.6848809699,3320
2017-10-18T02:30:00Z,-19.0272556422,3320
2017-10-18T03:30:00Z,-16.0341087319,3320
2017-10-18T04:30:00Z,-18.377940038,3320
2017-10-18T05:30:00Z,-13.585731556,3320
2017-10-18T06:30:00Z,-12.7185397745,3320
2017-10-18T07:30:00Z,-11.1917417103,3320
2017-10-18T09:30:00Z,-10.5225686819,3320
2017-10-18T08:30:00Z,-9.71193682071,3320
2017-10-18T10:30:00Z,-7.0308259513,3320
2017-10-18T11:30:00Z,-11.0531811225,3320
2017-10-18T12:30:00Z,-12.5137187171,3320
2017-10-18T13:30:00Z,-17.567255252,3320
2017-10-18T14:30:00Z,-21.3397798139,3320
2017-10-18T15:30:00Z,-27.2980508004,3320
2017-10-18T16:30:00Z,233.776079941,3320
2017-10-18T17:30:00Z,365.101069013,3320
2017-10-18T18:30:00Z,437.748120235,3320
2017-10-18T19:30:00Z,671.869075931,3320
2017-10-18T20:30:00Z,278.169454429,3320
2017-10-18T21:30:00Z,-10.5717920243,3320
2017-10-18T22:30:00Z,-3.97786686187,3320
2017-10-18T23:30:00Z,-4.67111798196,3320
2017-10-19T00:30:00Z,-3.94636319361,3320
2017-10-19T01:30:00Z,-4.68500829419,3320
2017-10-19T02:30:00Z,-4.07399174203,3320
2017-10-19T03:30:00Z,-4.64306950076,3320
2017-10-19T04:30:00Z,-4.53555239693,3320
2017-10-19T05:30:00Z,-4.88061502053,3320
2017-10-19T06:30:00Z,-3.50358337704,3320
2017-10-19T07:30:00Z,-5.22179866015,3320
2017-10-19T08:30:00Z,14.3929208606,3320
2017-10-19T09:30:00Z,15.689769421,3320
2017-10-19T10:30:00Z,13.0954416358,3320
2017-10-19T11:30:00Z,12.6542420999,3320
2017-10-19T12:30:00Z,11.6296183018,3320
2017-10-19T13:30:00Z,6.20763797466,3320
2017-10-19T14:30:00Z,-15.1035432034,3320
2017-10-19T15:30:00Z,-7.11725238535,3320
2017-10-19T16:30:00Z,-22.7088377889,3320
2017-10-19T17:30:00Z,393.618700294,3320
2017-10-19T18:30:00Z,452.824204815,3320
2017-10-19T19:30:00Z,454.085727978,3320
2017-10-19T20:30:00Z,345.27082782,3320
2017-10-19T21:30:00Z,-8.60809614612,3320
2017-10-19T22:30:00Z,14.8234706646,3320
2017-10-19T23:30:00Z,8.51793718683,3320
2017-10-20T00:30:00Z,-7.99129334297,3320
2017-10-20T01:30:00Z,-4.6284142751,3320
2017-10-20T02:30:00Z,10.8514107068,3320
2017-10-20T03:30:00Z,-9.39373988281,3320
2017-10-20T04:30:00Z,-2.01076749488,3320
2017-10-20T05:30:00Z,-3.17060330903,3320
2017-10-20T06:30:00Z,-3.24957128476,3320
2017-10-20T07:30:00Z,-3.54002694222,3320
2017-10-20T08:30:00Z,-4.91627477195,3320
2017-10-20T09:30:00Z,-4.4867201192,3320
2017-10-20T10:30:00Z,-3.72056829898,3320
2017-10-20T11:30:00Z,-5.59815231823,3320
2017-10-20T12:30:00Z,-13.325457218,3320
2017-10-20T13:30:00Z,-17.8616041973,3320
2017-10-20T14:30:00Z,2.48213629739,3320
2017-10-20T15:30:00Z,-22.466922992,3320
2017-10-20T16:30:00Z,-23.8701173718,3320
2017-10-20T17:30:00Z,216.850645973,3320
2017-10-20T18:30:00Z,379.016495975,3320
2017-10-20T19:30:00Z,366.716087999,3320
2017-10-20T20:30:00Z,286.923263526,3320
2017-10-20T21:30:00Z,-11.1764071184,3320
2017-10-20T22:30:00Z,-3.02814257937,3320
2017-10-20T23:30:00Z,-2.58928077194,3320
2017-10-21T00:30:00Z,0.842776216981,3320
2017-10-21T01:30:00Z,-1.69661851574,3320
2017-10-21T02:30:00Z,0.0,3320
2017-10-21T03:30:00Z,-0.55393126581,3320
2017-10-21T04:30:00Z,0.0,3320
2017-10-21T05:30:00Z,-1.31365101972,3320
2017-10-21T06:30:00Z,-2.06033157989,3320
2017-10-21T07:30:00Z,-2.16281861137,3320
2017-10-21T08:30:00Z,-4.76879625928,3320
2017-10-21T09:30:00Z,-2.13804368999,3320
2017-10-21T10:30:00Z,-7.25788452527,3320
2017-10-21T11:30:00Z,-10.1432718837,3320
2017-10-21T12:30:00Z,12.9807219589,3320
2017-10-21T13:30:00Z,10.0922482583,3320
2017-10-21T14:30:00Z,120.059744874,3320
2017-10-21T15:30:00Z,288.529093845,3320
2017-10-21T16:30:00Z,353.877270252,3320
2017-10-21T17:30:00Z,273.348328813,3320
2017-10-21T18:30:00Z,309.194469891,3320
2017-10-21T19:30:00Z,415.678539164,3320
2017-10-21T20:30:00Z,248.43727564,3320
2017-10-21T21:30:00Z,-14.7866875271,3320
2017-10-21T22:30:00Z,-3.73865038805,3320
2017-10-21T23:30:00Z,-2.10712310217,3320
2017-10-22T00:30:00Z,0.0984886547578,3320
2017-10-22T01:30:00Z,-0.470366054391,3320
2017-10-22T02:30:00Z,-1.03549956776,3320
2017-10-22T03:30:00Z,-1.54475376352,3320
2017-10-22T04:30:00Z,-0.87900945432,3320
2017-10-22T05:30:00Z,-1.1428831001,3320
2017-10-22T06:30:00Z,2.23655773253,3320
2017-10-22T07:30:00Z,-2.12235061674,3320
2017-10-22T08:30:00Z,-2.93483371221,3320
2017-10-22T09:30:00Z,-7.75690020908,3320
2017-10-22T10:30:00Z,-10.8305094682,3320
2017-10-22T11:30:00Z,-23.7929554575,3320
2017-10-22T12:30:00Z,212.676002281,3320
2017-10-22T13:30:00Z,336.891613066,3320
2017-10-22T14:30:00Z,265.4888052,3320
2017-10-22T15:30:00Z,340.53362783,3320
2017-10-22T16:30:00Z,483.234692916,3320
2017-10-22T17:30:00Z,559.146444588,3320
2017-10-22T18:30:00Z,317.097919626,3320
2017-10-22T19:30:00Z,311.379876499,3320
2017-10-22T20:30:00Z,108.213439687,3320
2017-10-22T21:30:00Z,-1.19806147007,3320
2017-10-22T22:30:00Z,1.89284245843,3320
2017-10-22T23:30:00Z,1.67906519677,3320
2017-10-23T00:30:00Z,3.49093254031,3320
2017-10-23T01:30:00Z,3.33602960762,3320
2017-10-23T02:30:00Z,8.90226448818,3320
2017-10-23T03:30:00Z,4.48096888565,3320
2017-10-23T04:30:00Z,2.76558311264,3320
2017-10-23T05:30:00Z,1.65403560758,3320
2017-10-23T06:30:00Z,1.3834382148,3320
2017-10-23T07:30:00Z,0.797402786086,3320
2017-10-23T08:30:00Z,0.500742203921,3320
2017-10-23T09:30:00Z,1.10128138445,3320
2017-10-23T10:30:00Z,-0.856717312777,3320
2017-10-23T11:30:00Z,10.1612550175,3320
2017-10-23T12:30:00Z,9.08905690811,3320
2017-10-23T13:30:00Z,-15.9106782881,3320
2017-10-23T14:30:00Z,-21.6856286065,3320
2017-10-23T15:30:00Z,-15.7913163722,3320
2017-10-23T16:30:00Z,329.481929108,3320
2017-10-23T17:30:00Z,347.341133439,3320
2017-10-23T18:30:00Z,325.566339549,3320
2017-10-23T19:30:00Z,341.043076243,3320
2017-10-23T20:30:00Z,258.878630244,3320
2017-10-23T21:30:00Z,-1.99431498117,3320
2017-10-23T22:30:00Z,5.90473972872,3320
2017-10-23T23:30:00Z,3.75503616032,3320
2017-10-24T00:30:00Z,18.2241429275,3320
2017-10-24T01:30:00Z,7.03997423757,3320
2017-10-24T02:30:00Z,3.03727099507,3320
2017-10-24T03:30:00Z,1.43457134596,3320
2017-10-24T04:30:00Z,3.02192815368,3320
2017-10-24T05:30:00Z,3.43462134641,3320
2017-10-24T06:30:00Z,4.47524825653,3320
2017-10-24T07:30:00Z,3.07036093589,3320
2017-10-24T08:30:00Z,3.93317197494,3320
2017-10-24T09:30:00Z,4.99394355171,3320
2017-10-24T10:30:00Z,-1.2692183477,3320
2017-10-24T11:30:00Z,1.03706046999,3320
2017-10-24T12:30:00Z,-6.9776752529,3320
2017-10-24T13:30:00Z,-10.0683831525,3320
2017-10-24T14:30:00Z,-23.3429196927,3320
2017-10-24T15:30:00Z,271.611689627,3320
2017-10-24T16:30:00Z,438.717886782,3320
2017-10-24T17:30:00Z,974.211863292,3320
2017-10-24T18:30:00Z,922.847888682,3320
2017-10-24T19:30:00Z,424.703441854,3320
2017-10-24T20:30:00Z,391.156236275,3320
2017-10-24T21:30:00Z,25.2563882057,3320
2017-10-24T22:30:00Z,11.0538041219,3320
2017-10-24T23:30:00Z,8.10585784171,3320
2017-10-25T00:30:00Z,9.33850769081,3320
2017-10-25T01:30:00Z,8.06101228317,3320
2017-10-25T02:30:00Z,6.98635592335,3320
2017-10-25T03:30:00Z,6.76867556943,3320
2017-10-25T04:30:00Z,4.66358840449,3320
2017-10-25T05:30:00Z,4.18745220152,3320
2017-10-25T06:30:00Z,4.21232154368,3320
2017-10-25T07:30:00Z,3.44014906764,3320
2017-10-25T08:30:00Z,2.91012312934,3320
2017-10-25T09:30:00Z,4.05659372403,3320
2017-10-25T10:30:00Z,3.47134310682,3320
2017-10-25T11:30:00Z,-1.04123677261,3320
2017-10-25T12:30:00Z,-5.00195477197,3320
2017-10-25T13:30:00Z,-6.65788450966,3320
2017-10-25T14:30:00Z,-12.1111243423,3320
2017-10-25T15:30:00Z,99.6063760395,3320
2017-10-25T16:30:00Z,251.211215486,3320
2017-10-25T17:30:00Z,316.009544099,3320
2017-10-25T18:30:00Z,382.410704465,3320
2017-10-25T19:30:00Z,509.309029027,3320
2017-10-25T20:30:00Z,518.607227789,3320
2017-10-25T21:30:00Z,15.8559889588,3320
2017-10-25T22:30:00Z,33.6918470344,3320
2017-10-25T23:30:00Z,56.1866517761,3320
2017-10-26T00:30:00Z,35.6982264503,3320
2017-10-26T01:30:00Z,34.5596596119,3320
2017-10-26T02:30:00Z,6.72226767209,3320
2017-10-26T03:30:00Z,5.62835416252,3320
2017-10-26T04:30:00Z,6.34785062676,3320
2017-10-26T05:30:00Z,31.5373448138,3320
2017-10-26T06:30:00Z,3.7816358714,3320
2017-10-26T07:30:00Z,1.98310481145,3320
2017-10-26T08:30:00Z,2.85998129128,3320
2017-10-26T09:30:00Z,1.19830774789,3320
2017-10-26T10:30:00Z,1.46464628152,3320
2017-10-26T11:30:00Z,-3.05617648307,3320
2017-10-26T12:30:00Z,-7.72933374255,3320
2017-10-26T13:30:00Z,-21.7821997523,3320
2017-10-26T14:30:00Z,-25.5395494064,3320
2017-10-26T15:30:00Z,-23.4143029069,3320
2017-10-26T16:30:00Z,213.551000581,3320
2017-10-26T17:30:00Z,249.453227968,3320
2017-10-26T18:30:00Z,283.856679364,3320
2017-10-26T19:30:00Z,357.341658899,3320
2017-10-26T20:30:00Z,297.754684991,3320
2017-10-26T21:30:00Z,-29.6221001183,3320
2017-10-26T22:30:00Z,1.46036595331,3320
2017-10-26T23:30:00Z,9.17952442626,3320
2017-10-27T00:30:00Z,7.87850250981,3320
2017-10-27T01:30:00Z,7.94373136951,3320
2017-10-27T02:30:00Z,4.44263867268,3320
2017-10-27T03:30:00Z,4.85846934592,3320
2017-10-27T04:30:00Z,5.12380597086,3320
2017-10-27T05:30:00Z,2.00651926214,3320
2017-10-27T06:30:00Z,53.6927751707,3320
2017-10-27T07:30:00Z,2.52325937944,3320
2017-10-27T08:30:00Z,1.01902316708,3320
2017-10-27T09:30:00Z,2.40618344545,3320
2017-10-27T10:30:00Z,-1.47452747761,3320
2017-10-27T11:30:00Z,-6.49502305911,3320
2017-10-27T12:30:00Z,-14.4477640153,3320
2017-10-27T13:30:00Z,4.9238602338,3320
2017-10-27T14:30:00Z,156.977280489,3320
2017-10-27T15:30:00Z,227.634891646,3320
2017-10-27T16:30:00Z,186.314734554,3320
2017-10-27T17:30:00Z,219.634958352,3320
2017-10-27T18:30:00Z,254.939764421,3320
2017-10-27T19:30:00Z,217.824815451,3320
2017-10-27T20:30:00Z,220.460938435,3320
2017-10-27T21:30:00Z,-31.3602314302,3320
2017-10-27T22:30:00Z,-0.638459410609,3320
2017-10-27T23:30:00Z,6.1328339114,3320
2017-10-28T00:30:00Z,0.0,3320
2017-10-28T01:30:00Z,2.8083099425,3320
2017-10-28T02:30:00Z,2.0031907914,3320
2017-10-28T03:30:00Z,0.557162319137,3320
2017-10-28T04:30:00Z,3.14117733176,3320
2017-10-28T05:30:00Z,0.590723505584,3320
2017-10-28T06:30:00Z,2.33450673456,3320
2017-10-28T07:30:00Z,-0.968646358692,3320
2017-10-28T08:30:00Z,-4.6814419086,3320
2017-10-28T09:30:00Z,-6.45764107696,3320
2017-10-28T10:30:00Z,-11.2562198621,3320
2017-10-28T11:30:00Z,-12.3701556078,3320
2017-10-28T12:30:00Z,291.566882916,3320
2017-10-28T13:30:00Z,329.599184717,3320
2017-10-28T14:30:00Z,274.602724338,3320
2017-10-28T15:30:00Z,336.793139881,3320
2017-10-28T16:30:00Z,434.301630913,3320
2017-10-28T17:30:00Z,528.466678694,3320
2017-10-28T18:30:00Z,328.446182448,3320
2017-10-28T19:30:00Z,236.805643509,3320
2017-10-28T20:30:00Z,223.832279527,3320
2017-10-28T21:30:00Z,-22.6561595172,3320
2017-10-28T22:30:00Z,-1.88287784581,3320
2017-10-28T23:30:00Z,1.70395078344,3320
2017-10-29T00:30:00Z,1.53844500498,3320
2017-10-29T01:30:00Z,2.48114925688,3320
2017-10-29T02:30:00Z,2.29405124363,3320
2017-10-29T03:30:00Z,2.79763334427,3320
2017-10-29T04:30:00Z,2.25013902258,3320
2017-10-29T05:30:00Z,1.01320522199,3320
2017-10-29T06:30:00Z,1.30559222201,3320
2017-10-29T07:30:00Z,14.549352132,3320
2017-10-29T08:30:00Z,9.31971629139,3320
2017-10-29T09:30:00Z,10.2658275497,3320
2017-10-29T10:30:00Z,-15.6948666912,3320
2017-10-29T11:30:00Z,144.18118537,3320
2017-10-29T12:30:00Z,161.437401454,3320
2017-10-29T13:30:00Z,212.381243884,3320
2017-10-29T14:30:00Z,259.258076624,3320
2017-10-29T15:30:00Z,242.984679625,3320
2017-10-29T16:30:00Z,323.349166722,3320
2017-10-29T17:30:00Z,246.834233114,3320
2017-10-29T18:30:00Z,185.729057027,3320
2017-10-29T19:30:00Z,220.481597972,3320
2017-10-29T20:30:00Z,187.460684812,3320
2017-10-29T21:30:00Z,53.1764004752,3320
2017-10-29T22:30:00Z,-1.85094295893,3320
2017-10-29T23:30:00Z,5.09984843586,3320
2017-10-30T00:30:00Z,8.02691892297,3320
2017-10-30T01:30:00Z,6.41547799933,3320
2017-10-30T02:30:00Z,5.14427275016,3320
2017-10-30T03:30:00Z,5.87475281674,3320
2017-10-30T04:30:00Z,6.35210514281,3320
2017-10-30T05:30:00Z,6.32299246692,3320
2017-10-30T06:30:00Z,6.03008338996,3320
2017-10-30T07:30:00Z,3.299455042,3320
2017-10-30T08:30:00Z,5.4520418615,3320
2017-10-30T09:30:00Z,4.00787160738,3320
2017-10-30T10:30:00Z,4.52758051153,3320
2017-10-30T11:30:00Z,-0.677178970875,3320
2017-10-30T12:30:00Z,-3.5422337863,3320
2017-10-30T13:30:00Z,-10.0445196667,3320
2017-10-30T14:30:00Z,-14.1841382665,3320
2017-10-30T15:30:00Z,-23.3301485336,3320
2017-10-30T16:30:00Z,79.0299594575,3320
2017-10-30T17:30:00Z,196.699101567,3320
2017-10-30T18:30:00Z,237.906257362,3320
2017-10-30T19:30:00Z,186.512739422,3320
2017-10-30T20:30:00Z,214.412625309,3320
2017-10-30T21:30:00Z,46.2628767734,3320
2017-10-30T22:30:00Z,-2.00710826557,3320
2017-10-30T23:30:00Z,5.82589744773,3320
2017-10-31T00:30:00Z,7.58038706754,3320
2017-10-31T01:30:00Z,8.17545460126,3320
2017-10-31T02:30:00Z,5.52605257432,3320
2017-10-31T03:30:00Z,5.03417807866,3320
2017-10-31T04:30:00Z,5.58673727462,3320
2017-10-31T05:30:00Z,4.41704440972,3320
2017-10-31T06:30:00Z,3.63172873838,3320
2017-10-31T07:30:00Z,3.51744002006,3320
2017-10-31T08:30:00Z,0.410782644173,3320
2017-10-31T09:30:00Z,-0.222949630417,3320
2017-10-31T10:30:00Z,-1.09666900162,3320
2017-10-31T11:30:00Z,-1.7412972228,3320
2017-10-31T12:30:00Z,-4.38408288738,3320
2017-10-31T13:30:00Z,-12.0870326449,3320
2017-10-31T14:30:00Z,-25.9711904586,3320
2017-10-31T15:30:00Z,-29.6029576708,3320
2017-10-31T16:30:00Z,-10.641916791,3320
2017-10-31T17:30:00Z,231.991906572,3320
2017-10-31T18:30:00Z,240.892112084,3320
2017-10-31T19:30:00Z,226.111952907,3320
2017-10-31T20:30:00Z,292.827826227,3320
2017-10-31T21:30:00Z,-10.5617580097,3320
2017-10-31T22:30:00Z,-5.04661607566,3320
2017-10-31T23:30:00Z,14.7976051004,3320
2017-11-01T00:30:00Z,22.3020701868,3320
2017-11-01T01:30:00Z,28.3654681778,3320
2017-11-01T02:30:00Z,4.40116861376,3320
2017-11-01T03:30:00Z,3.32889360361,3320
2017-11-01T04:30:00Z,5.86707137381,3320
2017-11-01T05:30:00Z,-0.524858724289,3320
2017-11-01T06:30:00Z,1.0743853712,3320
2017-11-01T07:30:00Z,-0.48261467877,3320
2017-11-01T08:30:00Z,-2.67970909076,3320
2017-11-01T09:30:00Z,1.39235740301,3320
2017-11-01T10:30:00Z,-4.90530023026,3320
2017-11-01T11:30:00Z,-14.8177318682,3320
2017-11-01T12:30:00Z,-18.2778172905,3320
2017-11-01T13:30:00Z,162.654691753,3320
2017-11-01T14:30:00Z,239.131577224,3320
2017-11-01T15:30:00Z,250.541016198,3320
2017-11-01T16:30:00Z,618.710013762,3320
2017-11-01T17:30:00Z,545.888379141,3320
2017-11-01T18:30:00Z,607.263522487,3320
2017-11-01T19:30:00Z,786.037175975,3320
2017-11-01T20:30:00Z,1073.07331682,3320
2017-11-01T21:30:00Z,478.087040719,3320
2017-11-01T22:30:00Z,196.578760771,3320
2017-11-01T23:30:00Z,94.7750612815,3320
